{"cameraMode":{"drawMode":0,"name":"Shaded","section":"Shading Mode"},"sceneLighting":true,"audioPlay":false,"sceneViewState":{"showFog":true,"showMaterialUpdate":false,"showSkybox":true,"showFlares":true,"showImageEffects":true,"showParticleSystems":true},"in2DMode":false,"pivot":{"x":-317.6288146972656,"y":0.5024753212928772,"z":1.2260780334472657},"rotation":{"x":-0.0019508844707161189,"y":-0.9948990345001221,"z":0.09912790358066559,"w":-0.019423572346568109},"size":1.7592304944992066,"orthographic":false}